('Berwyn', 4)
('El Segundo', 4)
('Woodland Park', 4)
('Floyd', 4)
('Sells', 4)
('Cupertino', 4)
('Kimball', 4)
('De Soto', 4)
('Imlay City', 4)
('Cuyahoga Falls', 4)
('San Pedro', 4)
('Harriman', 4)
('Willard', 4)
('Novato', 4)
('Seal Beach', 4)
('Cushing', 4)
('Ironton', 4)
('Hazleton', 4)
('Middle River', 4)
('Lillington', 4)
('Lithonia', 4)
('North Hills', 4)
('Iva', 4)
('New Brighton', 4)
('Leesville', 4)
('Hebron', 4)
('Hacienda Heights', 4)
('Reynoldsburg', 4)
('Perth Amboy', 4)
('Titusville', 4)
('Rockville', 4)
('Evanston', 4)
('Blacksburg', 4)
('Mission Viejo', 4)
('West Allis', 4)
('Woodbine', 4)
('Lakeside', 4)
('Richardson', 4)
('Duncanville', 4)
('Gray', 4)
('Pelion', 4)
('Bremerton', 4)
('Darlington', 4)
('Plainview', 4)
('Fernandina Beach', 4)
('Cordova', 4)
('Bridgewater', 4)
('Westport', 4)
('Fairview Heights', 4)
('Creedmoor', 4)
('Temple City', 4)
('New Rochelle', 4)
('Enid', 4)
('Prairie Village', 4)
('Alamosa', 4)
('Breaux Bridge', 4)
('Sylacauga', 4)
('Jean', 4)
('Sandpoint', 4)
('Middle Island', 4)
('Trotwood', 4)
('Sullivan', 4)
('Littlefield', 4)
('Alexander', 4)
('Bainbridge', 4)
('Eustis', 4)
('Palm Desert', 4)
('Iuka', 4)
('Marana', 4)
('Mount Vernon', 4)
('Trinidad', 4)
('Alvin', 4)
('Vassalboro', 4)
('Terrell', 4)
('Immokalee', 4)
('Hiram', 4)
('Killen', 4)
('Inkster', 4)
('Lawrenceburg', 4)
('Bethel', 4)
('Brookfield', 4)
('Hazel Green', 4)
('Lehigh Acres', 4)
('Tunnel Hill', 4)
('Lake Forest', 4)
('Temple Hills', 4)
('Stanton', 4)
('La Porte', 4)
('Jonesborough', 4)
('Citronelle', 4)
('Walker', 4)
('Eagar', 4)
('Fall River', 4)
('Loma Linda', 4)
('Yorktown', 4)
('Provo', 4)
('Oakley', 4)
('Vicksburg', 4)
('Apopka', 4)
('Eldon', 4)
('Artesia', 4)
('La Quinta', 4)
('DeKalb', 4)
('North Fort Myers', 4)
('Morris', 4)
('Bethany', 4)
('Des Plaines', 4)
('Snohomish', 4)
('Berea', 4)
('Brookhaven', 4)
('Waianae', 4)
('Platte City', 4)
('Golden Valley', 4)
('Sebastopol', 4)
('Linden', 4)
('Friendswood', 4)
('Arlington Heights', 4)
('Millville', 4)
('Rutland', 4)
('Royal Oak', 4)
('Moultrie', 4)
('East Palo Alto', 4)
('Ripley', 4)
('Forest', 4)
('Ridgecrest', 4)
('Seabrook', 4)
('Newberry', 4)
('Winslow', 4)
('Poughkeepsie', 4)
('Findlay', 4)
('St Augustine', 4)
('Bridgeville', 4)
('St. George', 4)
('Brewton', 4)
('Brockton', 4)
('Shelby Charter Township', 4)
('Boerne', 4)
('Kirkland', 4)
('Waverly', 4)
('Holladay', 4)
('Abingdon', 4)
('Lantana', 4)
('Waukee', 4)
('Saint Petersburg', 4)
('Collins', 4)
('Mount Pleasant', 4)
('Joshua Tree', 4)
('Silverton', 4)
('Winter Park', 4)
('Hyattsville', 4)
('Yale', 4)
('Greeneville', 4)
('Ridgeland', 4)
('Sugar Hill', 4)
('Mill Creek', 4)
('Orange City', 4)
('Albion', 4)
('Brooklyn Park', 4)
('Chatham', 4)
('Glasgow', 4)
('Penrose', 4)
('Middleton', 4)
('San Rafael', 4)
('Milwaukie', 4)
('Mishawaka', 4)
('Foley', 4)
('Jupiter', 4)
('Montrose', 4)
('Radcliff', 4)
('Waiʻanae', 4)
('Onalaska', 4)
('Statesboro', 4)
('Masontown', 4)
('Stuart', 4)
('Barberton', 4)
('Elkins', 4)
('Bogart', 4)
('Nevada', 4)
('Pulaski', 4)
('Gig Harbor', 4)
('Manor', 4)
('Wagoner', 4)
('Pauls Valley', 4)
('Coachella', 4)
('Wilkes-Barre', 4)
('Beloit', 4)
('South Charleston', 4)
('Wilkinsburg', 4)
('Woodbridge', 4)
('Arnold', 4)
('Alma', 4)
('Lompoc', 4)
('Santa Paula', 4)
('Woodstock', 4)
('Bloomingdale', 4)
('Littlerock', 4)
('Kinston', 4)
('South Lake Tahoe', 4)
('Calhoun', 4)
('South River', 4)
('Celina', 4)
('Uniondale', 4)
('Ridgefield', 4)
('Palmyra', 4)
('Wilmer', 4)
('Nacogdoches', 4)
('Wenatchee', 4)
('Dalton', 4)
('Centennial', 4)
('South Daytona', 4)
('Old Town', 4)
('St. Johns', 4)
('Passaic', 4)
('Sandy Springs', 4)
('Shelby', 4)
('Inman', 4)
('Braxton', 4)
('San Gabriel', 4)
('Great Bend', 4)
('Stroudsburg', 4)
('Chillicothe', 4)
('Asheboro', 4)
('Theodore', 4)
('Allen', 4)
('Deming', 4)
('Wayne', 4)
('Haines City', 4)
('Warrenton', 4)
('Borrego Springs', 4)
('Millington', 4)
('Waynesville', 4)
('Bunker Hill', 4)
('Franklinton', 4)
('Glamis', 4)
('Riviera Beach', 4)
('Rancho Bernardo', 4)
('Damascus', 4)
('Huntersville', 4)
('McMinnville', 4)
('Lake Wales', 4)
('Aiea', 4)
('Meeker', 4)
('Rockwall', 4)
('Clearlake', 4)
('Ottawa', 4)
('Seale', 4)
('Sonoma', 4)
('Palestine', 4)
('Rock Island', 4)
('Rancho Mirage', 4)
('Coolbaugh Township', 4)
('Vinton', 4)
('LaPlace', 4)
('Marianna', 4)
('Three Rivers', 4)
('Rio Rancho', 4)
('Racine', 4)
('Berlin', 4)
('Raton', 4)
('Hurricane', 4)
('Oak Ridge', 4)
('Liberty Township', 4)
('Williamstown', 4)
('Taylor', 4)
('Madill', 4)
('North Platte', 4)
('Upper Darby', 4)
('Beeville', 4)
('Marshall', 4)
('Crowley', 4)
('Norwood', 4)
('Lagrange', 4)
('Reseda', 4)
('Groton', 4)
('Wheat Ridge', 4)
('North Bergen', 4)
('Woodville', 4)
('Traverse City', 4)
('Girard', 4)
('Belvidere', 4)
('Jamestown', 4)
('Eloy', 4)
('Broussard', 4)
('Kodak', 4)
('Norco', 4)
('Waimanalo', 4)
('Wilson', 4)
('Park Forest', 4)
('Guthrie', 4)
('Glen St. Mary', 4)
('Bon Aqua', 4)
('Harris', 4)
('Seagoville', 4)
('Robbins', 4)
('Crawfordsville', 4)
('Presque Isle', 4)
('North Miami', 4)
('Rising Sun', 4)
('Pikeville', 4)
('Escalon', 4)
('Bluffton', 4)
('Hernando', 4)
('Hartsville', 4)
('Mcallen', 4)
('Palos Hills', 4)
('Peculiar', 4)
('Dickinson', 4)
('Colonial Heights', 4)
('Sikeston', 4)
('Midvale', 4)
('Tarpon Springs', 4)
('Tishomingo', 4)
('Encino', 4)
('Jennings', 4)
('Hixson', 4)
('Kirkersville', 4)
('Granite City', 4)
('Gillette', 4)
('Lincoln Park', 4)
('Bellaire', 4)
('Delhi', 4)
('Edgewater', 4)
('Mandeville', 4)
('Lawson', 4)
('Ellenwood', 3)
('Sumner', 3)
('Farmersville', 3)
('Levelland', 3)
('Chicago Heights', 3)
('Haughton', 3)
('Monahans', 3)
('Cozad', 3)
('Industry', 3)
('San Luis Obispo', 3)
('Garfield', 3)
('Bozeman', 3)
('Texas City', 3)
('Lawndale', 3)
('Prince George', 3)
('Grandview', 3)
('Normal', 3)
('Robinson', 3)
('Buckhead', 3)
('Roland', 3)
('Little River', 3)
('Beaver Falls', 3)
('Thousand Palms', 3)
('Mayfield Heights', 3)
('Barnwell', 3)
('San Ramon', 3)
('South Sioux City', 3)
('Millersville', 3)
('Mitchell', 3)
('Baker', 3)
('East Alton', 3)
('Kihei', 3)
('Andalusia', 3)
('Monroeville', 3)
('Oshkosh', 3)
('Waynesboro', 3)
('Bell', 3)
('Adel', 3)
('Harrison', 3)
('Elyria', 3)
('Poteet', 3)
('Shelton', 3)
('Phelps', 3)
('Altavista', 3)
('Campbell', 3)
('Willingboro', 3)
('Clarkston', 3)
('Pikesville', 3)
('Dunedin', 3)
('Choctaw', 3)
('Green Cove Springs', 3)
('Altamonte Springs', 3)
('Mounds', 3)
('Ridgeway', 3)
('West Carrollton', 3)
('Claremore', 3)
('Llano', 3)
('Quitman', 3)
('Canon City', 3)
('Beverly', 3)
('Bassett', 3)
('Prattville', 3)
('Three Mile Bay', 3)
('Redondo Beach', 3)
('Broadview Heights', 3)
('Morganton', 3)
('Solon', 3)
('Eupora', 3)
('Minnetonka', 3)
('Saratoga', 3)
('Vienna', 3)
('Porter', 3)
('Lakeview', 3)
('Plainwell', 3)
('Center', 3)
('Hazard', 3)
('Prince Frederick', 3)
('Bothell', 3)
('Fort Madison', 3)
('Magna', 3)
('Glenwood Springs', 3)
('Lucedale', 3)
('Craig', 3)
('Harmony', 3)
('Landover', 3)
('Azle', 3)
('Mascotte', 3)
('Valley', 3)
('Leitchfield', 3)
('Ashville', 3)
('Byron', 3)
('Socorro', 3)
('Newnan', 3)
('Montpelier', 3)
('Pleasant Hill', 3)
('Gladewater', 3)
('Carnesville', 3)
('Cantonment', 3)
('Tooele', 3)
('Woodruff', 3)
('Bemidji', 3)
('Fairhope', 3)
('Granger', 3)
('Fredonia', 3)
('New Kensington', 3)
('Coronado', 3)
('Carlisle', 3)
('Havre De Grace', 3)
('Mooresburg', 3)
('Keene', 3)
('Ithaca', 3)
('Overland', 3)
('Sherman Oaks', 3)
('Lexington Park', 3)
('Chevy Chase', 3)
('Beachwood', 3)
('West Bloomfield Township', 3)
('The Dalles', 3)
('Bryant', 3)
('Shirley', 3)
('Two Rivers', 3)
('Springville', 3)
('Southgate', 3)
('South Boston', 3)
('Oregon', 3)
('Clarkesville', 3)
('Falls Church', 3)
('Lake Geneva', 3)
('Monrovia', 3)
('Tallulah', 3)
('Ligonier', 3)
('Walnut Creek', 3)
('McKinney', 3)
('Elk City', 3)
('Cherry Hill', 3)
('Blountville', 3)
('Brazil', 3)
('Vance', 3)
('Holt', 3)
('Hoover', 3)
('Richfield', 3)
('Pollock Pines', 3)
('Daleville', 3)
('Hilton Head Island', 3)
('Leicester', 3)
('Mustang', 3)
('Boyle Heights', 3)
('Palm Harbor', 3)
('New London', 3)
('Wantage', 3)
('Childersburg', 3)
('Taft', 3)
('Arcata', 3)
('Pell City', 3)
('River Ridge', 3)
('Globe', 3)
('Indian Rocks Beach', 3)
('Elizabeth City', 3)
('Zanesville', 3)
('Rainsville', 3)
('Beaufort', 3)
('Wernersville', 3)
('Bristow', 3)
('Coos Bay', 3)
('Jay', 3)
('Payson', 3)
('Imlay', 3)
('Branson', 3)
('Tualatin', 3)
('Gwynn Oak', 3)
('Worthington', 3)
('Andrews', 3)
('North Pole', 3)
('Euless', 3)
('Elmira', 3)
('Redmond', 3)
('Oberlin', 3)
('Sylvester', 3)
('Norfork', 3)
('Cassia', 3)
('Sedro-Woolley', 3)
('Far Rockaway', 3)
('Adairsville', 3)
('Redford Charter Township', 3)
('Vandalia', 3)
('Sidney', 3)
('Cerritos', 3)
('Kalispell', 3)
('Tularosa', 3)
('Eden Prairie', 3)
('Rocheport', 3)
('Carencro', 3)
('Warrior', 3)
('Pratt', 3)
('Hobart', 3)
('El Dorado Hills', 3)
('Moab', 3)
('Mooresville', 3)
('Cave Junction', 3)
('Parkersburg', 3)
('Enterprise', 3)
('Tarrant', 3)
('Humboldt', 3)
('Smithfield', 3)
('Ellicott City', 3)
('Cisco', 3)
('Wayland', 3)
('Church Hill', 3)
('Pearl City', 3)
('Plaquemine', 3)
('Ville Platte', 3)
('Sevierville', 3)
('Willow Creek', 3)
('Tarboro', 3)
('Gardner', 3)
('Secaucus', 3)
('Ruidoso', 3)
('Stonewall', 3)
('Manila', 3)
('Shady Point', 3)
('Bluefield', 3)
('Bernalillo', 3)
('Auburndale', 3)
('St Paul', 3)
('Burkesville', 3)
('Laramie', 3)
('Alamo', 3)
('Richland Hills', 3)
('Phelan', 3)
('North Versailles', 3)
('Crosby', 3)
('Tonopah', 3)
('Soddy Daisy', 3)
('Belleview', 3)
('Los Banos', 3)
('Lauderdale Lakes', 3)
('Semmes', 3)
('Royal Palm Beach', 3)
('Darien', 3)
('St. Louis Park', 3)
('Pennsauken Township', 3)
('Avondale Estates', 3)
('Fowlerville', 3)
('Mindoro', 3)
('Snyder', 3)
('Menasha', 3)
('Brackettville', 3)
('Eastman', 3)
('Nichols', 3)
('Boulevard', 3)
('Grove Hill', 3)
('Sandy', 3)
('Louisburg', 3)
('Ava', 3)
('Goodyear', 3)
('Deerfield Beach', 3)
('Beckley', 3)
('Providence Forge', 3)
('North Chicago', 3)
('Villa Park', 3)
('Raceland', 3)
('Greer', 3)
('St. Martinville', 3)
('Booneville', 3)
('Phillipsburg', 3)
('Chesnee', 3)
('Wasco', 3)
('Chino Valley', 3)
('Big Sur', 3)
('Window Rock', 3)
('Holden', 3)
('Iowa City', 3)
('Bay St. Louis', 3)
('Walls', 3)
('Strasburg', 3)
('Stamford', 3)
('Livonia', 3)
('Goldsboro', 3)
('Poway', 3)
('Floral City', 3)
('Eagle Point', 3)
('Strong', 3)
('Boring', 3)
('Joppa', 3)
('Edwardsville', 3)
('Silsbee', 3)
('Woodhaven', 3)
('Louisa', 3)
('Pixley', 3)
('Lucerne Valley', 3)
('West Sacramento', 3)
('Rosamond', 3)
('Blue Ridge', 3)
('Hamburg', 3)
('Kingwood', 3)
('Senatobia', 3)
('Wethersfield', 3)
('Winfield', 3)
('Willits', 3)
('Traer', 3)
('New Holland', 3)
('Tomah', 3)
('West Helena', 3)
('Suisun City', 3)
("D'Iberville", 3)
('New Brunswick', 3)
('Farmingdale', 3)
('North English', 3)
('Pelham', 3)
('Edison', 3)
('Latham', 3)
('St. Albans', 3)
('District Heights', 3)
('Clinton Township', 3)
('Livermore', 3)
('Noble', 3)
('Culpeper', 3)
('Aransas Pass', 3)
('Port Angeles', 3)
('Durango', 3)
('Wadsworth', 3)
('Cumberland', 3)
('Poplar Bluff', 3)
('Litchfield', 3)
('Gladstone', 3)
('Avoca', 3)
('Lake Township', 3)
('Dunwoody', 3)
('Poth', 3)
('Stony Creek', 3)
('Minden', 3)
('Huron', 3)
('Elmendorf', 3)
('Eagle Butte', 3)
('Latta', 3)
('Piketon', 3)
('Warwick', 3)
('Willis', 3)
('Cotuit', 3)
('Plainville', 3)
('Sugar Land', 3)
('Heflin', 3)
('Waycross', 3)
('Wolf Creek', 3)
('Oak Grove', 3)
('Seguin', 3)
('Tifton', 3)
('Maquoketa', 3)
('Smithville', 3)
('McAlester', 3)
('Tuscumbia', 3)
('Browning', 3)
('Hinton', 3)
('Yulee', 3)
('Vinita', 3)
('West End', 3)
('Tomball', 3)
('Needles', 3)
('LaSalle', 3)
('Elverta', 3)
('Cosby', 3)
('Ripon', 3)
('West Chicago', 3)
('Macomb', 3)
('Orland Park', 3)
('Neenah', 3)
('Centerville', 3)
('Sandston', 3)
('Marriott-Slaterville', 3)
('Estero', 3)
('Chippewa Falls', 3)
('Powdersville', 3)
('Peachland', 3)
('Berrien Springs', 3)
('Coatesville', 3)
('Hempstead', 3)
('Summersville', 3)
('Warminster', 3)
('Flowood', 3)
('Hamlin', 3)
('Coralville', 3)
('Loves Park', 3)
('Rockwood', 3)
('State College', 3)
('Pinole', 3)
('West Point', 3)
('East Hartford', 3)
('Coffeyville', 3)
('Shakopee', 3)
('Crystal River', 3)
('Twinsburg', 3)
('Waterford', 3)
('Beaver', 3)
('Maryland Heights', 3)
('Elkview', 3)
('Arabi', 3)
('Robert', 3)
('Dumas', 3)
('Manheim', 3)
('Circleville', 3)
('Sandusky', 3)
('Cornelius', 3)
('Bettendorf', 3)
('Port Wentworth', 3)
('Travelers Rest', 3)
('Homewood', 3)
('Wedowee', 3)
('Williston', 3)
('Bonham', 3)
('Rochester Hills', 3)
('Cary', 3)
('Mamou', 3)
('Ramsey', 3)
('Venus', 3)
('Gaston', 3)
('Menifee', 3)
('Republic', 3)
('Creve Coeur', 3)
('Gardnerville', 3)
('Ocean City', 3)
('Cedar Park', 3)
('Pine Valley', 3)
('Elko', 3)
('Pleasant Grove', 3)
('Ringgold', 3)
('Pearl', 3)
('Roanoke Rapids', 3)
('Green Township', 3)
('Tracy', 3)
('Kingsland', 3)
('El Reno', 3)
('Inverness', 3)
('Flushing', 3)
('Binghamton', 3)
('Indianola', 3)
('Norwich', 3)
('Caro', 3)
('Guerneville', 3)
('Del Valle', 3)
('Gaithersburg', 3)
('Cedartown', 3)
('Hillside', 3)
('Grovetown', 3)
('Fort Payne', 3)
('Fridley', 3)
('Chestertown', 3)
('Williamsport', 3)
('Wilton Manors', 3)
('La Follette', 3)
('Hawkins', 3)
('Beverly Hills', 3)
('Oak Harbor', 3)
('Land O Lakes', 3)
('Port Charlotte', 3)
('Pahoa', 3)
('San Benito', 3)
('Lizella', 3)
('Lemon Grove', 3)
('Rosebud', 3)
('Dale', 3)
('Staunton', 3)
('Monument', 3)
('Ashtabula', 3)
('Powhatan', 3)
('Moorhead', 3)
('Mojave', 3)
('Pottstown', 3)
('Twentynine Palms', 3)
('Opa-locka', 3)
('Lake Station', 3)
('Gurnee', 3)
('Grafton', 3)
('Blaine', 3)
('Ewa Beach', 3)
('Wood River', 3)
('Cayce', 3)
('Spanish Fort', 3)
('Dana Point', 3)
('Hallsville', 3)
('West Pelzer', 3)
('Lapeer', 3)
('Chouteau', 3)
('Marshalltown', 3)
('Urbandale', 3)
('Zephyrhills', 3)
('Lake Isabella', 3)
('Forest Grove', 3)
('Ohatchee', 3)
('Geyserville', 3)
('Ephrata', 3)
('Rocklin', 3)
('Grant', 3)
('Heber City', 3)
('Lumpkin', 3)
('Monticello', 3)
('Ashburn', 3)
('Swanton', 3)
('Hannibal', 3)
('Jacinto City', 3)
('Knob Noster', 3)
('Gate City', 3)
('Pearisburg', 3)
('Kyle', 3)
('Woodward', 3)
('Olivehurst', 3)
('Widener', 3)
('North East', 3)
('Tabernacle', 3)
('Hiawatha', 2)
('La Vista', 2)
('Edwards', 2)
('Howard City', 2)
('Milledgeville', 2)
('Pawleys Island', 2)
('Riesel', 2)
('Mount Clemens', 2)
('Moorpark', 2)
('Hart', 2)
('Robinsonville', 2)
('LaBelle', 2)
('Oak Creek', 2)
('Menominee', 2)
('Placerville', 2)
('Hackettstown', 2)
('Orleans', 2)
('Cahokia', 2)
('West Branch', 2)
('Vernalis', 2)
('Preston', 2)
('Dunkirk', 2)
('San Dimas', 2)
('Central City', 2)
('Ocean Springs', 2)
('Wahiawa', 2)
('Swainsboro', 2)
('St. Pauls', 2)
('Washington Terrace', 2)
('Hamersville', 2)
('Corbin', 2)
('Morehead', 2)
('Pauma Valley', 2)
('Quanah', 2)
('Boyertown', 2)
('Muncy', 2)
('Marengo', 2)
('Goodlettsville', 2)
('Brodnax', 2)
('King of Prussia', 2)
('Eaton Rapids', 2)
('Burlingame', 2)
('Burnside Township', 2)
('Frazier Park', 2)
('Malibu', 2)
('Poland', 2)
('Derry', 2)
('Bellmawr', 2)
('Stow', 2)
('Paden', 2)
('Barrington', 2)
('Washburn', 2)
('Southampton', 2)
('Silverdale', 2)
('Bolingbrook', 2)
('Coconut Creek', 2)
('Bonifay', 2)
('Woonsocket', 2)
('Opa-Locka', 2)
('Stanford', 2)
('Sharonville', 2)
('Wyandanch', 2)
('Coarsegold', 2)
('Rathdrum', 2)
('Acampo', 2)
('Babylon', 2)
('Happy Valley', 2)
('Brownwood', 2)
('Randleman', 2)
('Salida', 2)
('Bowdoin', 2)
('Chiriaco Summit', 2)
('West Park', 2)
('Emeryville', 2)
('Henrietta', 2)
('Lititz', 2)
('Duncannon', 2)
('Ellwood City', 2)
('Nitro', 2)
('Corvallis', 2)
('Stateline', 2)
('Castroville', 2)
('Ocoee', 2)
('Westmoreland', 2)
('Aromas', 2)
('Mukwonago', 2)
('Ghent', 2)
('St. Ann', 2)
('Pine Level', 2)
('Honea Path', 2)
('Atascadero', 2)
('Hummelstown', 2)
('Green Valley', 2)
('Spiro', 2)
('Oakwood', 2)
('Charles City', 2)
('Seat Pleasant', 2)
('Kountze', 2)
('Hometown', 2)
('Ocotillo Wells', 2)
('Galion', 2)
('Urbana', 2)
('Otisville', 2)
('Fruitland', 2)
('Havre de Grace', 2)
('Neillsville', 2)
('Rock Falls', 2)
('Bradford', 2)
('Placitas', 2)
('Moses Lake', 2)
('Stansbury Park', 2)
('Colbert', 2)
('Hawesville', 2)
('Brookshire', 2)
('San Lorenzo', 2)
('New Bern', 2)
('Bixby', 2)
('Fort Mill', 2)
('Warrensburg', 2)
('Clearfield', 2)
('Bayonne', 2)
('Rhinelander', 2)
('Cannon Falls', 2)
('Wapato', 2)
('Reedsport', 2)
('Pinetop', 2)
('Mexico', 2)
('Pelahatchie', 2)
('Dalhart', 2)
('Crookston', 2)
('El Dorado Springs', 2)
('McLeansville', 2)
('Mulvane', 2)
('Pharr', 2)
('Islip', 2)
('Safford', 2)
('Sierra Blanca', 2)
('Shaker Heights', 2)
('Oak Hill', 2)
('Walkerton', 2)
('Harbeson', 2)
('Fond du Lac', 2)
('Rigby', 2)
('Bisbee', 2)
('Asbury Park', 2)
('New Madrid', 2)
('Rowland Heights', 2)
('Sugar Creek', 2)
('Watchung', 2)
('Plantation', 2)
('Dawsonville', 2)
('Cohasset', 2)
('Arab', 2)
('Rockport', 2)
('Aguanga', 2)
('Dillon', 2)
('Longs', 2)
('Taos', 2)
('Mena', 2)
('Hesston', 2)
('Floresville', 2)
('Braintree', 2)
('Portales', 2)
('West Springfield', 2)
('Raymond', 2)
('Glorieta', 2)
('Golden Meadow', 2)
('Central Point', 2)
('Dinwiddie', 2)
('Kuna', 2)
('Gordon', 2)
('American Fork', 2)
('Fruitland Park', 2)
('Badin', 2)
('Loxahatchee', 2)
('Sharon', 2)
('Sharpsburg', 2)
('Fountain Inn', 2)
('Westerville', 2)
('San Leon', 2)
('Belgrade', 2)
('Fishers', 2)
('Bainbridge Island', 2)
('Luverne', 2)
('Mason City', 2)
('Pike Road', 2)
('Ritzville', 2)
('Pinehurst', 2)
('Kings Mountain', 2)
('Batesville', 2)
('Berthoud', 2)
('La Marque', 2)
('Marinette', 2)
('Mulberry', 2)
('Weslaco', 2)
('Sedona', 2)
('Spring Creek', 2)
('Rockledge', 2)
('St. James', 2)
('East Helena', 2)
('Johns Creek', 2)
('Blackfoot', 2)
('Amite', 2)
('Greencastle', 2)
('Clear Spring', 2)
('Jersey Village', 2)
('Keswick', 2)
('Little Falls', 2)
('Mountlake Terrace', 2)
('Swissvale', 2)
('South Burlington', 2)
('El Sobrante', 2)
('Selden', 2)
('Menard', 2)
('Burton', 2)
('Wallowa', 2)
('Granbury', 2)
('Mt. Lebanon', 2)
('McClellanville', 2)
('Platteville', 2)
('Alliance', 2)
('Mineral Wells', 2)
('Orinda', 2)
('Fairchild', 2)
('Glendora', 2)
('Tazewell', 2)
('Anza', 2)
('Antlers', 2)
('Shaw', 2)
('South Houston', 2)
('Show Low', 2)
('Poulsbo', 2)
('5/29/2012: ', 2)
('Yachats', 2)
('La Grange', 2)
('Lacombe', 2)
('Atascosa', 2)
('Kentfield', 2)
('Alto', 2)
('Atmore', 2)
('Willimantic', 2)
('Hanahan', 2)
('Coal City', 2)
('Fruita', 2)
('Cockeysville', 2)
('South Pasadena', 2)
('Lehighton', 2)
('Valrico', 2)
('Poteau', 2)
('Linwood', 2)
('Bellefontaine Neighbors', 2)
('Sutter', 2)
('La Verne', 2)
('Caledonia', 2)
('Longboat Key', 2)
('Poinciana', 2)
('Muscoy', 2)
('Colby', 2)
('Hazel Crest', 2)
('Empire', 2)
('Beebe', 2)
('Berryville', 2)
('Maple Valley', 2)
('Battle Ground', 2)
('Sayre', 2)
('Altus', 2)
('Mantua', 2)
('Huffman', 2)
('Kearny', 2)
('Calabasas', 2)
('Saltillo', 2)
('Nottingham', 2)
('DeWitt', 2)
('Perry Hall', 2)
('Imperial Beach', 2)
('Chaska', 2)
('Pontoon Beach', 2)
('Central Islip', 2)
('City of Industry', 2)
('Mineral', 2)
('Roan Mountain', 2)
('SeaTac', 2)
('Angola', 2)
('Sandia Park', 2)
('Big Rapids', 2)
('Bone Lake', 2)
('Bay', 2)
('Morrisville', 2)
('Monona', 2)
('Flemingsburg', 2)
('Kirkwood', 2)
('Oak Vale', 2)
('Shawano', 2)
('Medicine Lodge', 2)
('West Manchester Township', 2)
('Brownstown', 2)
('Woodinville', 2)
('Lake Placid', 2)
('Metter', 2)
('Middleboro', 2)
('Holly', 2)
('Social Circle', 2)
('Yates Center', 2)
('Prestonsburg', 2)
('Carterville', 2)
('Woodlawn', 2)
('South Hill', 2)
('Port Deposit', 2)
('Kailua-Kona', 2)
('Thermal', 2)
('Sequim', 2)
('Hillsdale', 2)
('Pecatonica', 2)
('Scott', 2)
('Port Hueneme', 2)
('Delta Junction', 2)
('Edisto Island', 2)
('Blue Island', 2)
('Potomac', 2)
('Pontotoc', 2)
('East Pittsburgh', 2)
('Hartland', 2)
('Cloverdale', 2)
('Alabaster', 2)
('Hayden', 2)
('Pacifica', 2)
('East Chicago', 2)
('Hobe Sound', 2)
('Indiana', 2)
('Desert Center', 2)
('Gahanna', 2)
('Columbia Heights', 2)
('Mililani', 2)
('Maumee', 2)
('Quakertown', 2)
('Savoy', 2)
('Butte', 2)
('Coventry', 2)
('Coal Township', 2)
('Dunlap', 2)
('McFarland', 2)
('Weeki Wachee', 2)
('Overton', 2)
('Longwood', 2)
('Denville', 2)
('Medical Lake', 2)
('Baldwin', 2)
('Mahwah', 2)
('Pickerington', 2)
('Walnutport', 2)
('Attalla', 2)
('Red Lake', 2)
('Lyons', 2)
('Burtonsville', 2)
('Giddings', 2)
('Old Fort', 2)
('North Brunswick', 2)
('Wharton', 2)
('Wellford', 2)
('Jensen Beach', 2)
('Channing', 2)
('Margaretville', 2)
('Abbeville', 2)
('Waveland', 2)
('Rusk', 2)
('North Canton', 2)
('Clackamas', 2)
('Kaufman', 2)
('McKee', 2)
('Juneau', 2)
('Pleasant Run', 2)
('Waldoboro', 2)
('Gorham', 2)
('James Island', 2)
('St Petersburg', 2)
('Kosciusko', 2)
('Carrizo Springs', 2)
('Selah', 2)
('Swansea', 2)
('Kingstree', 2)
('Merrifield', 2)
('Oyster Creek', 2)
('Lincolnton', 2)
('Kenwood', 2)
('Tallassee', 2)
('Ashford', 2)
('Laurie', 2)
('Kegley', 2)
('Lady Lake', 2)
('Monessen', 2)
('Cross City', 2)
('Beavercreek', 2)
('Encinal', 2)
('Tamaqua', 2)
('Vernon Hills', 2)
('Hogansville', 2)
('Three Way', 2)
('Leslie', 2)
('Dartmouth', 2)
('Blountsville', 2)
('Claymont', 2)
('South Jordan', 2)
('Key Largo', 2)
('Weymouth', 2)
('Tahoka', 2)
('Port St. Joe', 2)
('Millbrook', 2)
('Shafter', 2)
('Luray', 2)
('Forreston', 2)
('Rantoul', 2)
('Elsmere', 2)
('St Louis', 2)
('Byng', 2)
('Brick', 2)
('Archdale', 2)
('Mt. Vernon', 2)
('Mora', 2)
('Hurst', 2)
('Lisle', 2)
('Evergreen', 2)
('Palm Beach', 2)
('Lakeshire', 2)
('Stewartsville', 2)
('Winnsboro', 2)
('Rainbow City', 2)
('Maiden', 2)
('Bailey', 2)
('East Bernstadt', 2)
('Lakehills', 2)
("Lee's Summit", 2)
('Weirton', 2)
('Pine Ridge', 2)
('Middleburgh', 2)
('Ponca City', 2)
('Rush Springs', 2)
('Keaau', 2)
('Brenham', 2)
('Lake Panasoffkee', 2)
('Torrence', 2)
('Brookville', 2)
('Shenandoah', 2)
('Yorkville', 2)
('Groveport', 2)
('Kiowa', 2)
('Defuniak Springs', 2)
('Batavia', 2)
('Brandywine', 2)
('Bear', 2)
('Lewiston', 2)
('Long Island City', 2)
('Tiffin', 2)
('Callahan', 2)
('St. Matthews', 2)
('Chowchilla', 2)
('Dyer', 2)
('Kettering', 2)
('Simsboro', 2)
('Inwood', 2)
('Keizer', 2)
('Brookland', 2)
('Woodworth', 2)
('Oil Springs', 2)
('Oak Lawn', 2)
('La Center', 2)
('Pryor', 2)
('Pueblo West', 2)
('Cassatt', 2)
('Upper Arlington', 2)
('Palmer Township', 2)
('Keller', 2)
('Guntersville', 2)
('Front Royal', 2)
('Headland', 2)
('Langhorne', 2)
('Lyman', 2)
('Allen Park', 2)
('Howell', 2)
('Valentine', 2)
('Starke', 2)
('Yazoo City', 2)
('Mason', 2)
('Clover', 2)
('La Jolla', 2)
('North Vernon', 2)
('White Pigeon', 2)
('Batesburg-Leesville', 2)
('Boaz', 2)
('Eagle Pass', 2)
('Tucumcari', 2)
('Needham', 2)
('West Babylon', 2)
('Corrigan', 2)
('South Ogden', 2)
('Shepherdsville', 2)
('Saks', 2)
('Helena', 2)
('Glassboro', 2)
('Park City', 2)
('Vidalia', 2)
('Merritt Island', 2)
('Suwanee', 2)
('Thomson', 2)
('Loudon', 2)
('Lanham', 2)
('Summerfield', 2)
('Talent', 2)
('Elburn', 2)
('Earlysville', 2)
('Deatsville', 2)
('Independence Charter Township', 2)
('Indialantic', 2)
('Blytheville', 2)
('Oak View', 2)
('Cascade', 2)
('Kekaha', 2)
('Woodside', 2)
('Crestwood', 2)
('Apex', 2)
('Santa Teresa', 2)
('Medina', 2)
('Port Royal', 2)
('Longmeadow', 2)
('Big Cypress', 2)
('Shreveport ', 2)
('Tonawanda', 2)
('Fairmount', 2)
('Kenton', 2)
('Coral Gables', 2)
('East Dublin', 2)
('Campo', 2)
('Rosenberg', 2)
('Delta', 2)
('Marshfield', 2)
('England', 2)
('Muscatine', 2)
('Electra', 2)
('McLoud', 2)
('Westmorland', 2)
('Langley Park', 2)
('Wheaton', 2)
('Royersford', 2)
('Hueytown', 2)
('Whitney', 2)
('Martin', 2)
('Mexia', 2)
('Breckenridge', 2)
('Winston', 2)
('Nederland', 2)
('Trussville', 2)
('Severn', 2)
('Santaquin', 2)
('Mauldin', 2)
('Beech Island', 2)
('Colfax', 2)
('Malden', 2)
('Bellport', 2)
('Bayard', 2)
('Ames', 2)
('Bloomsburg', 2)
('Pāhoa', 2)
('Broken Bow', 2)
('Panorama City', 2)
('George West', 2)
('East Compton', 2)
('Natomas', 2)
('Pawnee', 2)
('Rio Grande City', 2)
('Eagle', 2)
('Southwest Ranches', 2)
('Neodesha', 2)
('Hawk Point', 2)
('Bountiful', 2)
('Manassas', 2)
('Paoli', 2)
('Chesterton', 2)
('Framingham', 2)
('Lynden', 2)
('Villa Ridge', 2)
('Piscataway', 2)
('Lake Como', 2)
('Sunnyside', 2)
('Winter Garden', 2)
('Kempton', 2)
('Cape Canaveral', 2)
('Copley Township', 2)
('Hampden', 2)
('Westchester', 2)
('Eldorado', 2)
('Richmond Heights', 2)
('Chipley', 2)
('Albemarle', 2)
('Dumfries', 2)
('Powell', 2)
('Superior', 2)
('Dade City', 2)
('Sonora', 2)
('Farmville', 2)
('Olive Hill', 2)
('South San Francisco', 2)
('Vichy', 2)
('Brook Park', 2)
('Worcester', 2)
('Drummonds', 2)
('College Station', 2)
('Thorn Hill', 2)
('Friendship', 2)
('Taunton', 2)
('Lower Lake', 2)
('Westwood Lakes', 2)
('Belding', 2)
('Purvis', 2)
('Navarre', 2)
('Hoquiam', 2)
('Vernal', 2)
('Clintonville', 2)
('Nazareth', 2)
('Sardis', 2)
('Avinger', 2)
('La Puente', 2)
('Boardman', 2)
('Pooler', 2)
('Cabazon', 2)
('Saratoga Springs', 2)
('Mabank', 2)
('Nokomis', 2)
('Parma Heights', 2)
('Melvern', 2)
('Peyton', 2)
('Jayess', 2)
('Okaloosa Island', 2)
('Chouteau Township', 2)
('Miami Township', 2)
('Ludowici', 2)
('Haverhill', 2)
('Cromwell', 2)
('St. Clair Shores', 2)
('Atkins', 2)
('Tullahoma', 2)
('Cache', 2)
('McHenry', 2)
('Cinco Ranch', 2)
('Pleasant Township', 2)
('Clermont', 2)
('University City', 2)
('Midland Township', 2)
('Pigeon Forge', 2)
('Ferndale', 2)
('Gaylord', 2)
('Eagan', 2)
('Ooltewah', 2)
('Laughlin', 2)
('Owatonna', 2)
('Henryetta', 2)
('Morongo Valley', 2)
('El Mirage', 2)
('Willoughby', 2)
('Linthicum Heights', 2)
('Clearlake Oaks', 2)
('White Springs', 2)
('Diamond Bar', 2)
('Kansas CIty', 2)
('Cuba', 2)
('Lanesboro', 2)
('Lakeville', 2)
('San Joaquin', 2)
('Turner', 2)
('Lincoln City', 2)
('East Wenatchee', 2)
('Cordele', 2)
('Half Moon Bay', 2)
('Laguna Niguel', 2)
('Mannford', 2)
('West Perrine', 2)
('Paso Robles', 2)
('Etowah', 2)
('Grand Ledge', 2)
('Eastpointe', 2)
('Astoria', 2)
('Forest Hill', 2)
('Pleasant Hills', 2)
('Wiggins', 2)
('Fordyce', 2)
('Gray Court', 2)
('Goodman', 2)
('Marina Del Rey', 2)
('Moriarty', 2)
('Edgewood', 2)
('Canoga Park', 2)
('Jones', 2)
('Newman', 2)
('Aldie', 2)
('Waikoloa Village', 2)
('Bernards', 2)
('Pekin', 2)
('Palo Alto', 2)
('Westchase', 2)
('Laingsburg', 2)
('Peachtree City', 2)
('Ramona', 2)
('Fox Lake', 2)
('Walnut Ridge', 2)
('Corte Madera', 2)
('Stanardsville', 2)
('McCordsville', 2)
('Feather Falls', 2)
('Harbor City', 2)
('Janesville', 2)
('West Richland', 2)
('Locust Grove', 2)
('Strathmore', 2)
('Gibson', 2)
('Hodgenville', 2)
('Marlow', 2)
('East Flat Rock', 2)
('Marksville', 2)
('New Hope', 2)
('Interlochen', 2)
('DeQuincy', 2)
('Dixon', 2)
('Mays Landing', 2)
('Sea Isle City', 2)
('Elkridge', 2)
('Ecorse', 2)
('Edmonton', 2)
('Cave Spring', 2)
('Big Stone Gap', 2)
('Atwood', 2)
('Windermere', 2)
('Campobello', 2)
('Churubusco', 2)
('Winnebago Township', 2)
('Rancho Santa Margarita', 2)
('Punta Gorda', 2)
('Highlands', 2)
('Earlimart', 2)
('Big Springs', 2)
('Village of Clarkston', 2)
('Marmora', 2)
('Exeter', 2)
('Neosho', 2)
('Spauldings', 2)
('Perryopolis', 2)
('Clare', 2)
('Balch Springs', 2)
('Grantsville', 2)
('Pahokee', 2)
('Boiling Springs', 2)
('Judsonia', 2)
('Ruston', 2)
('Gautier', 2)
('Arcola', 2)
('Niagara Falls', 2)
('Masaryktown', 2)
('Schuyler', 2)
('Molalla', 2)
('Ray Brook', 2)
('Palenville', 2)
('Dewey', 2)
('Helper', 2)
('Tchula', 2)
('Americus', 2)
('Glenolden', 2)
('Beaver Dam', 2)
('Lake Jackson', 2)
('Sugarland', 2)
('Sunset', 2)
('Wake Forest', 2)
('Clanton', 2)
('Avella', 2)
('Casselberry', 2)
('Hohenwald', 2)
('Wadesboro', 2)
('Little Egg Harbor Township', 2)
('Palmetto', 2)
('Fort Stockton', 2)
('Colorado City', 2)
('Rotterdam', 2)
('Tama', 2)
('Moraine', 2)
('Smiths Grove', 2)
('Indian Head', 2)
('Wewoka', 2)
('Boones Mill', 2)
('Rolling Meadows', 2)
('Cloudcroft', 2)
('Marionville', 2)
('Hampshire', 2)
('West Alton', 2)
('San Bruno', 2)
('St. Simons Island', 2)
('Rougemont', 2)
('Lula', 2)
('Montgomery Village', 2)
('Creston', 2)
('South Portland', 2)
('Mayfair', 2)
('Newaygo', 2)
('Egg Harbor City', 2)
('Mequon', 2)
('Leland', 2)
('San Anselmo', 2)
('Waxahachie', 2)
('Duquesne', 2)
('White Lake', 2)
('Diamond', 2)
('Abington', 2)
('Foster', 2)
('Feasterville-Trevose', 2)
('Warrenville', 2)
('Council', 2)
('Punxsutawney', 2)
('Blakeslee', 2)
('Dale City', 2)
('Toccoa', 2)
('Eatonton', 2)
('San Juan', 2)
('Grovertown', 2)
('Childress', 2)
('Eatonville', 2)
('Northlake', 2)
('Roosevelt', 2)
('Quinlan', 2)
('Fort Lee', 2)
('Belfield', 2)
('Altadena', 2)
('Destin', 2)
('Franklin Township', 2)
('Lockhart', 2)
('Rocky Ford', 2)
('Duson', 2)
('Ocklawaha', 2)
('Clay', 2)
('Harper', 2)
('Massapequa', 2)
('Fairburn', 2)
('Hampstead', 2)
('Upper Marlboro', 2)
('Orcutt', 2)
('Schuylkill Haven', 2)
('Beecher', 2)
('Sylvania Township', 2)
('Galt', 2)
('Pageland', 2)
('Miamisburg', 2)
('Capitan', 2)
('Custer', 2)
('St. Pete Beach', 2)
('Cody', 2)
('Madison Heights', 2)
('Burnham', 2)
('Mathis', 2)
('Rumford', 2)
('Marina', 2)
('Suquamish', 2)
('Atchison', 2)
('West Terre Haute', 2)
('Murrieta', 2)
('Shively', 2)
('Miami Lakes', 2)
('Grayson', 2)
('Alexander City', 2)
('Pickens', 2)
('Hurley', 2)
('Mullins', 2)
('Dekalb', 2)
('Torrington', 2)
('Old Forge', 2)
('Premont', 2)
('Bentonville', 2)
('Placentia', 2)
('Reserve', 2)
('Flomaton', 2)
('Eutaw', 2)
('Marlborough', 2)
('Fall City', 2)
('Barton', 2)
('Palm Coast', 2)
('St. Gabriel', 2)
('Hearne', 2)
('Saraland', 2)
('Finksburg', 2)
('Section', 2)
('Waseca', 2)
('Copperas Cove', 2)
('Annandale', 2)
('Ocotillo', 2)
('Pisgah', 2)
('American Canyon', 2)
('Carmel', 2)
('Crawford', 2)
('The Woodlands', 2)
('Dunn', 2)
('Pine', 2)
('San Juan Bautista', 2)
('Cairo', 2)
('Brattleboro', 2)
('Bluff City', 2)
('Fort Morgan', 2)
('Hardwick', 2)
('Harrisonburg', 2)
('Clarksburg', 2)
('West Bradford Township', 2)
('St. Peters', 2)
('South Fulton', 2)
('Arvin', 2)
('Commercial Point', 2)
('Oregon House', 2)
('Rector', 2)
('Woodburn', 2)
('Ehrenberg', 2)
('Richmond Hill', 2)
('Maple Grove', 2)
('Walton', 2)
('Dunbar', 2)
('Hermantown', 2)
('Timberville', 2)
('Elloree', 2)
('Whitefish', 2)
('Hephzibah', 2)
('Brule', 2)
('Silver Springs', 2)
('Shannon', 2)
('Kearney', 2)
('Dodge City', 2)
('Corydon', 2)
('Sheffield', 2)
('Wrightsville', 2)
('Blair', 2)
('Daphne', 2)
('Kingdom City', 2)
('La Plata', 2)
('Fort Valley', 2)
('Ladson', 2)
('Crockett', 2)
('Kaneohe', 2)
('Hayes', 2)
('Raynham', 2)
('Picayune', 2)
('Camp Pendleton', 2)
('Gridley', 2)
('Excelsior Springs', 2)
('Stilwell', 2)
('Pacific Palisades', 2)
('Liberal', 2)
('Rolling Hills', 2)
('Kinloch', 2)
('Sicklerville', 2)
('Camp Hill', 2)
('Bullhead City', 2)
('Welch', 2)
('Vernon', 2)
('Missouri Valley', 2)
('Miracle', 2)
('Addis', 2)
('Lake Los Angeles', 2)
('Descanso', 2)
('Ruddock', 2)
('Las Animas', 2)
('Cloquet', 2)
('Maryland City', 2)
('Cheboygan', 2)
('Tryon', 2)
('Crystal City', 2)
('Ballwin', 2)
('New Berlin', 2)
('Brainerd', 2)
('Tarzana', 2)
('La Crosse', 2)
('Crestline', 2)
('Galloway', 2)
('Dixmoor', 2)
('Robbinsdale', 2)
('Rayne', 2)
('Shingletown', 2)
('Baxter', 2)
('Basehor', 2)
('Clyde', 2)
('Malakoff', 2)
('Seffner', 2)
('Ringtown', 2)
('Owens Cross Roads', 2)
('Puryear', 2)
('Caseyville', 2)
('Lake Mary', 2)
('Atlantic', 2)
('Worthington Springs', 2)
('McColl', 2)
('Micanopy', 2)
('King George', 2)
('Pottsville', 2)
('McLean', 2)
('Whitewater', 2)
('Jerseyville', 2)
('Thomaston', 2)
('Bonaire', 2)
('Brownstown Charter Township', 2)
('Malta', 2)
('Cut Off', 2)
('Nashua', 2)
('Potsdam', 2)
('Bay Shore', 2)
('Freehold Township', 2)
('Merrill', 2)
('Northwood', 2)
('Golconda', 2)
('Oregon City', 2)
('La Crescenta', 2)
('Coweta', 2)
('Federal Heights', 2)
('Cheeks', 2)
('Vidor', 2)
('University Place', 2)
('McPherson', 2)
('Brownstown Charter Twp', 2)
('Tracy City', 2)
('Romulus', 2)
('Mitchellville', 2)
('Ludlow', 2)
('Little Elm', 2)
('Branford', 2)
('Waldorf', 2)
('Spring Lake', 2)
('Homedale', 2)
('Bolton', 2)
('Sand City', 2)
('Lincoln Township', 2)
('Montague', 2)
('Millen', 2)
('Calumet Park', 2)
('Bardstown', 2)
('Coopersburg', 2)
('Flatwoods', 2)
('Schertz', 2)
